{
  "reliable_accuracy": 0.3781818181818182,
  "effective_reliability": -0.09571428571428571,
  "abstain_accuracy": 0.5585714285714286,
  "abstain_precision": 0.6752941176470588,
  "abstain_recall": 0.6266375545851528,
  "abstain_ece": null,
  "abstain_rate": 0.6071428571428571
}