{
  "reliable_accuracy": 0.4654255319148936,
  "effective_reliability": -0.03416557161629435,
  "abstain_accuracy": 0.5505913272010512,
  "abstain_precision": 0.6337662337662338,
  "abstain_recall": 0.5483146067415731,
  "abstain_ece": null,
  "abstain_rate": 0.5059132720105125
}