{
  "reliable_accuracy": 0.4525316455696203,
  "effective_reliability": -0.08130081300813008,
  "abstain_accuracy": 0.494579945799458,
  "abstain_precision": 0.7452830188679245,
  "abstain_recall": 0.18588235294117647,
  "abstain_ece": 0.5033257000625606,
  "abstain_rate": 0.14363143631436315
}