{
  "reliable_accuracy": 0.35988200589970504,
  "effective_reliability": -0.14705882352941177,
  "abstain_accuracy": 0.5,
  "abstain_precision": 0.6547231270358306,
  "abstain_recall": 0.48086124401913877,
  "abstain_ece": null,
  "abstain_rate": 0.47523219814241485
}