{
  "reliable_accuracy": 0.36432160804020103,
  "effective_reliability": -0.14594594594594595,
  "abstain_accuracy": 0.5162162162162162,
  "abstain_precision": 0.6929824561403509,
  "abstain_recall": 0.48367346938775513,
  "abstain_ece": null,
  "abstain_rate": 0.46216216216216216
}