{
  "reliable_accuracy": 0.3436426116838488,
  "effective_reliability": -0.1346153846153846,
  "abstain_accuracy": 0.5665680473372781,
  "abstain_precision": 0.7350649350649351,
  "abstain_recall": 0.5970464135021097,
  "abstain_ece": null,
  "abstain_rate": 0.5695266272189349
}