{
  "reliable_accuracy": 0.5579268292682927,
  "effective_reliability": 0.10555555555555556,
  "abstain_accuracy": 0.5763888888888888,
  "abstain_precision": 0.765625,
  "abstain_recall": 0.14454277286135694,
  "abstain_ece": null,
  "abstain_rate": 0.08888888888888889
}