{
  "reliable_accuracy": 0.5675675675675675,
  "effective_reliability": 0.12162162162162163,
  "abstain_accuracy": 0.5851351351351352,
  "abstain_precision": 0.7432432432432432,
  "abstain_recall": 0.16034985422740525,
  "abstain_ece": null,
  "abstain_rate": 0.1
}