{
  "reliable_accuracy": 0.45054945054945056,
  "effective_reliability": -0.08450704225352113,
  "abstain_accuracy": 0.48982785602503914,
  "abstain_precision": 0.7204301075268817,
  "abstain_recall": 0.18256130790190736,
  "abstain_ece": null,
  "abstain_rate": 0.14553990610328638
}