{
  "reliable_accuracy": 0.49019607843137253,
  "effective_reliability": -0.01576872536136662,
  "abstain_accuracy": 0.5427069645203679,
  "abstain_precision": 0.7583892617449665,
  "abstain_recall": 0.26588235294117646,
  "abstain_ece": 0.44973431341518166,
  "abstain_rate": 0.19579500657030224
}