{
  "reliable_accuracy": 0.3603305785123967,
  "effective_reliability": -0.24142857142857144,
  "abstain_accuracy": 0.41714285714285715,
  "abstain_precision": 0.7789473684210526,
  "abstain_recall": 0.16052060737527116,
  "abstain_ece": 0.5745568292083522,
  "abstain_rate": 0.1357142857142857
}