{
  "reliable_accuracy": 0.46680080482897385,
  "effective_reliability": -0.04263565891472868,
  "abstain_accuracy": 0.5064599483204134,
  "abstain_precision": 0.5776173285198556,
  "abstain_recall": 0.3764705882352941,
  "abstain_ece": null,
  "abstain_rate": 0.3578811369509044
}