{
    "reliable_accuracy": 0.4024390243902439,
    "effective_reliability": -0.06611570247933884,
    "abstain_accuracy": 0.5564738292011019,
    "abstain_precision": 0.6354166666666666,
    "abstain_recall": 0.6747787610619469,
    "abstain_ece": null,
    "abstain_rate": 0.6611570247933884
}