{
  "reliable_accuracy": 0.5498489425981873,
  "effective_reliability": 0.09166666666666666,
  "abstain_accuracy": 0.5708333333333333,
  "abstain_precision": 0.8103448275862069,
  "abstain_recall": 0.13623188405797101,
  "abstain_ece": null,
  "abstain_rate": 0.08055555555555556
}