{
  "reliable_accuracy": 0.5716510903426791,
  "effective_reliability": 0.12432432432432433,
  "abstain_accuracy": 0.5986486486486486,
  "abstain_precision": 0.7755102040816326,
  "abstain_recall": 0.21652421652421652,
  "abstain_ece": null,
  "abstain_rate": 0.13243243243243244
}