{
  "reliable_accuracy": 0.629156010230179,
  "effective_reliability": 0.13911845730027547,
  "abstain_accuracy": 0.6267217630853994,
  "abstain_precision": 0.6238805970149254,
  "abstain_recall": 0.5903954802259888,
  "abstain_ece": null,
  "abstain_rate": 0.46143250688705234
}