{
  "reliable_accuracy": 0.37530266343825663,
  "effective_reliability": -0.1418732782369146,
  "abstain_accuracy": 0.5082644628099173,
  "abstain_precision": 0.6837060702875399,
  "abstain_recall": 0.4533898305084746,
  "abstain_ece": null,
  "abstain_rate": 0.43112947658402206
}