{
  "reliable_accuracy": 0.5208747514910537,
  "effective_reliability": 0.032507739938080496,
  "abstain_accuracy": 0.5681114551083591,
  "abstain_precision": 0.7342657342657343,
  "abstain_recall": 0.30346820809248554,
  "abstain_ece": null,
  "abstain_rate": 0.22136222910216719
}