{
  "reliable_accuracy": 0.3767772511848341,
  "effective_reliability": -0.14325068870523416,
  "abstain_accuracy": 0.4793388429752066,
  "abstain_precision": 0.6217105263157895,
  "abstain_recall": 0.41814159292035397,
  "abstain_ece": null,
  "abstain_rate": 0.418732782369146
}