{
  "reliable_accuracy": 0.5402635431918009,
  "effective_reliability": 0.07432432432432433,
  "abstain_accuracy": 0.5554054054054054,
  "abstain_precision": 0.7368421052631579,
  "abstain_recall": 0.11797752808988764,
  "abstain_ece": 0.43062345924589057,
  "abstain_rate": 0.07702702702702703
}