{
  "reliable_accuracy": 0.36577181208053694,
  "effective_reliability": -0.22857142857142856,
  "abstain_accuracy": 0.4057142857142857,
  "abstain_precision": 0.6346153846153846,
  "abstain_recall": 0.14864864864864866,
  "abstain_ece": null,
  "abstain_rate": 0.14857142857142858
}