{
  "reliable_accuracy": 0.5038022813688213,
  "effective_reliability": 0.005148005148005148,
  "abstain_accuracy": 0.5598455598455598,
  "abstain_precision": 0.6772908366533864,
  "abstain_recall": 0.39443155452436196,
  "abstain_ece": 0.07939634424190346,
  "abstain_rate": 0.323037323037323
}